{
"tx_elip": 0.092186569,
"cross_rx_diat": 0.99010154,
"cross_rx_rot": 1.6653895,
"cross_rx_elip": -0.070436486,
"mol_rx_diat": 0.99515578,
"mol_rx_rot": 0.1065761,
"mol_rx_elip": 0.11620023,
"total_rx_diat": 0.99720497,
"total_rx_rot": 3.2340235,
"total_rx_elip": 0.12786088,
"qwp_phase_0": 1.5629061,
"qwp_phase_2": -1.1470037,
"qwp_rot_0": 0.3128296,
"mirror_phase": 3.3010314,
"mirror_diat": -0.028752455,
"mirror_rot": -1.1048737,
"qwp_rot_offset": 0.001871212,
"qwp_phase_1": 0.101876,
"qwp_rot_1": -2.5976073,
"Empty_Slot": 1,
"window_phase_rot": -0.017080016,
"cal_total_depol": 0.9477425,
"cal_molecular_depol": 0.98985864,
"tx_rot": -1.5971075,
"window_phase": -0.10096255,
"window_diat": -0.00067556483,
"window_diat_rot": 0.00082883507,
"lowgain_rx_diat": 0.82876743,
"lowgain_rx_rot": 3.0887674,
"lowgain_rx_elip": 0.044015063,
}