{
"tx_elip": 0.082259832,
"cross_rx_diat": 0.91016296,
"cross_rx_rot": 1.6066117,
"cross_rx_elip": -0.073808468,
"mol_rx_diat": 0.99989233,
"mol_rx_rot": 0.013968319,
"mol_rx_elip": 0.04642126,
"total_rx_diat": 0.9863807,
"total_rx_rot": 3.1553671,
"total_rx_elip": 0.04706902,
"qwp_phase_0": 1.5378331,
"qwp_phase_2": -1.0665984,
"qwp_rot_0": 0.31178554,
"mirror_phase": 3.3022015,
"mirror_diat": -0.019032473,
"mirror_rot": -1.5846725,
"qwp_rot_offset": -0.078156625,
"qwp_phase_1": 0.085492845,
"qwp_rot_1": -2.5165374,
"Empty_Slot": 1,
"window_phase_rot": -0.029023835,
"cal_total_depol": 0.95819775,
"cal_molecular_depol": 0.9956397,
"tx_rot": -1.568819,
"window_phase": -0.1002204,
"window_diat": -0.014033549,
"window_diat_rot": 0.0016492174,
"lowgain_rx_diat": 0.9859387,
"lowgain_rx_rot": 3.1661937,
"lowgain_rx_elip": 0.045785728,
}