{"header": "Polarization Calibration constatns",
"calibration" : {"tx_elip": 0.089326832,
"cross_rx_diat": 0.7592523,
"cross_rx_rot": 1.6215972,
"cross_rx_elip": -0.070646264,
"mol_rx_diat": 1,
"mol_rx_rot": 0.097491983,
"mol_rx_elip": 0.04513995,
"total_rx_diat": 0.91846573,
"total_rx_rot": 3.2152473,
"total_rx_elip": 0.056659047,
"qwp_phase_0": 1.5665798,
"qwp_phase_2": -0.9616817,
"qwp_rot_0": 0.31827106,
"mirror_phase": 3.2761863,
"mirror_diat": -0.046507518,
"mirror_rot": -4.682547,
"qwp_rot_offset": -0.035609051,
"qwp_phase_1": 0.089005801,
"qwp_rot_1": -2.5655991,
"Empty_Slot": 1,
"window_phase_rot": -0.023155313,
"cal_total_depol": 0.98761287,
"cal_molecular_depol": 0.96824,
"tx_rot": -1.5337204,
"window_phase": -0.076636681,
"window_diat": -0.071955224,
"window_diat_rot": 0.034919043,
"lowgain_rx_diat": 0.9442481,
"lowgain_rx_rot": 3.2614945,
"lowgain_rx_elip": 0.010082617
}}