{"header": "Polarization Calibration constatns",
"calibration" : {"tx_elip": 0.16435501,
"cross_rx_diat": 0.77646768,
"cross_rx_rot": 1.5999907,
"cross_rx_elip": -0.12327688,
"mol_rx_diat": 0.99900845,
"mol_rx_rot": 0.14161526,
"mol_rx_elip": 0.065677227,
"total_rx_diat": 0.85926055,
"total_rx_rot": 3.2366966,
"total_rx_elip": 0.063877036,
"qwp_phase_0": 1.5487594,
"qwp_phase_2": -1.0006968,
"qwp_rot_0": 0.27563428,
"mirror_phase": 3.3007558,
"mirror_diat": -0.047599708,
"mirror_rot": -4.7152554,
"qwp_rot_offset": -0.073606034,
"qwp_phase_1": 0.10036071,
"qwp_rot_1": -2.4849655,
"Empty_Slot": 1,
"window_phase_rot": -0.014726735,
"cal_total_depol": 0.99999998,
"cal_molecular_depol": 0.95275448,
"tx_rot": -1.560255,
"window_phase": -0.099180686,
"window_diat": -0.070180633,
"window_diat_rot": 0.036502138,
"lowgain_rx_diat": 1,
"lowgain_rx_rot": 3.3096897,
"lowgain_rx_elip": 0.033941898
}}