{
"tx_elip": -0.036404364,
"cross_rx_diat": 0.88127382,
"cross_rx_rot": 1.6024794,
"cross_rx_elip": 0.046456464,
"mol_rx_diat": 0.99611489,
"mol_rx_rot": 0.08783443,
"mol_rx_elip": -0.0082449222,
"total_rx_diat": 0.99985812,
"total_rx_rot": 3.2317574,
"total_rx_elip": -0.0086052231,
"qwp_phase_0": 1.5350108,
"qwp_phase_2": -1.08365,
"qwp_rot_0": 0.35391488,
"mirror_phase": 3.3447555,
"mirror_diat": -0.010627414,
"mirror_rot": -1.1491565,
"qwp_rot_offset": -0.041781656,
"qwp_phase_1": 0.095061646,
"qwp_rot_1": -2.5950543,
"Empty_Slot": 1,
"window_phase_rot": -0.0055755222,
"cal_total_depol": 0.98312967,
"cal_molecular_depol": 0.99663812,
"tx_rot": -1.5519834,
"window_phase": -0.073085796,
"window_diat": 0.012753727,
"window_diat_rot": 0.00014232693,
"lowgain_rx_diat": 0.98623903,
"lowgain_rx_rot": 3.256742,
"lowgain_rx_elip": -0.019271303,
}