{
"tx_elip": 0.097262796,
"cross_rx_diat": 0.89333954,
"cross_rx_rot": 1.5976732,
"cross_rx_elip": -0.090617565,
"mol_rx_diat": 0.99510259,
"mol_rx_rot": 0.00015630998,
"mol_rx_elip": 0.063902451,
"total_rx_diat": 0.96579773,
"total_rx_rot": 3.1406051,
"total_rx_elip": 0.064113084,
"qwp_phase_0": 1.532523,
"qwp_phase_2": -1.0686993,
"qwp_rot_0": 0.33311549,
"mirror_phase": 3.4898542,
"mirror_diat": -0.0093856603,
"mirror_rot": -1.1912211,
"qwp_rot_offset": -0.056944318,
"qwp_phase_1": 0.082447873,
"qwp_rot_1": -2.559097,
"Empty_Slot": 1,
"window_phase_rot": -0.11550735,
"cal_total_depol": 0.98557242,
"cal_molecular_depol": 0.99987086,
"tx_rot": -1.5713262,
"window_phase": 0.24435425,
"window_diat": -0.0043717651,
"window_diat_rot": 2.2074552e-05,
"lowgain_rx_diat": 0.97120879,
"lowgain_rx_rot": 3.1406436,
"lowgain_rx_elip": 0.063067698,
}