{"header": "Polarization Calibration constatns",
"calibration" : {"tx_elip": 0.15053802,
"cross_rx_diat": 0.78647952,
"cross_rx_rot": 1.5940489,
"cross_rx_elip": -0.11026326,
"mol_rx_diat": 0.98442115,
"mol_rx_rot": 0.13590503,
"mol_rx_elip": 0.04034901,
"total_rx_diat": 0.86848098,
"total_rx_rot": 3.2574128,
"total_rx_elip": 0.021796745,
"qwp_phase_0": 1.5438878,
"qwp_phase_2": -0.99513298,
"qwp_rot_0": 0.28494537,
"mirror_phase": 3.3054418,
"mirror_diat": -0.052730323,
"mirror_rot": -4.7300237,
"qwp_rot_offset": -0.057328042,
"qwp_phase_1": 0.095863581,
"qwp_rot_1": -2.5105545,
"Empty_Slot": 1,
"window_phase_rot": -0.017449587,
"cal_total_depol": 1,
"cal_molecular_depol": 0.94745896,
"tx_rot": -1.5632978,
"window_phase": -0.10419009,
"window_diat": -0.079182526,
"window_diat_rot": 0.055437723,
"lowgain_rx_diat": 1,
"lowgain_rx_rot": 3.3066611,
"lowgain_rx_elip": 0.019169067
}}