{"header": "Polarization Calibration constatns",
"calibration" : {"tx_elip": 0.19614199,
"cross_rx_diat": 0.84725788,
"cross_rx_rot": 1.5569527,
"cross_rx_elip": -0.15022615,
"mol_rx_diat": 0.90493761,
"mol_rx_rot": 0.14093522,
"mol_rx_elip": 0.017760341,
"total_rx_diat": 0.88983021,
"total_rx_rot": 3.2761117,
"total_rx_elip": 0.016916001,
"qwp_phase_0": 1.5441968,
"qwp_phase_2": -1.0031948,
"qwp_rot_0": 0.29782529,
"mirror_phase": 3.2896119,
"mirror_diat": -0.072114595,
"mirror_rot": -4.7467921,
"qwp_rot_offset": -0.047452791,
"qwp_phase_1": 0.095159071,
"qwp_rot_1": -2.5333101,
"Empty_Slot": 1,
"window_phase_rot": -0.011586096,
"cal_total_depol": 0.99249842,
"cal_molecular_depol": 0.99840203,
"tx_rot": -1.5745605,
"window_phase": -0.089097547,
"window_diat": -0.057592804,
"window_diat_rot": 0.053402241,
"lowgain_rx_diat": 0.98946291,
"lowgain_rx_rot": 3.2931655,
"lowgain_rx_elip": 0.0066568249
}}