{
"tx_elip": -0.020972293,
"cross_rx_diat": 0.84802467,
"cross_rx_rot": 1.5636368,
"cross_rx_elip": 0.027611781,
"mol_rx_diat": 0.98118357,
"mol_rx_rot": 0.041063001,
"mol_rx_elip": -0.021325048,
"total_rx_diat": 0.92494852,
"total_rx_rot": 3.1825146,
"total_rx_elip": -0.021345486,
"qwp_phase_0": 1.5460769,
"qwp_phase_2": -1.0928631,
"qwp_rot_0": 0.28311668,
"mirror_phase": 3.4096592,
"mirror_diat": 0.016791777,
"mirror_rot": -1.5982735,
"qwp_rot_offset": -0.0064236661,
"qwp_phase_1": 0.088597672,
"qwp_rot_1": -2.5596081,
"Empty_Slot": 1,
"window_phase_rot": 0.00066908119,
"cal_total_depol": 0.99991153,
"cal_molecular_depol": 0.99788217,
"tx_rot": -1.613568,
"window_phase": 0.0022392359,
"window_diat": 0.010885559,
"window_diat_rot": 0.021200734,
"lowgain_rx_diat": 0.91525454,
"lowgain_rx_rot": 3.1805299,
"lowgain_rx_elip": -0.023120471,
}