{"header": "Polarization Calibration constatns",
"calibration" : {"tx_elip": 0.09472039,
"cross_rx_diat": 0.76159296,
"cross_rx_rot": 1.63028,
"cross_rx_elip": -0.069518364,
"mol_rx_diat": 1,
"mol_rx_rot": 0.10021001,
"mol_rx_elip": 0.055971163,
"total_rx_diat": 0.91381971,
"total_rx_rot": 3.2208907,
"total_rx_elip": 0.06831722,
"qwp_phase_0": 1.5577374,
"qwp_phase_2": -0.96427024,
"qwp_rot_0": 0.31820214,
"mirror_phase": 3.2689153,
"mirror_diat": -0.04755657,
"mirror_rot": -4.6826782,
"qwp_rot_offset": -0.038813649,
"qwp_phase_1": 0.089517156,
"qwp_rot_1": -2.5623256,
"Empty_Slot": 1,
"window_phase_rot": -0.016791832,
"cal_total_depol": 0.97863377,
"cal_molecular_depol": 0.96608446,
"tx_rot": -1.5242842,
"window_phase": -0.064779553,
"window_diat": -0.071602183,
"window_diat_rot": 0.016873676,
"lowgain_rx_diat": 0.93437809,
"lowgain_rx_rot": 3.252706,
"lowgain_rx_elip": 0.028564645
}}