{
"tx_elip": 0.0065635475,
"cross_rx_diat": 0.9031751,
"cross_rx_rot": 1.6035989,
"cross_rx_elip": 0.020160948,
"mol_rx_diat": 0.96200877,
"mol_rx_rot": 0.083992033,
"mol_rx_elip": -0.013208449,
"total_rx_diat": 0.99999999,
"total_rx_rot": 3.2235877,
"total_rx_elip": -0.010783328,
"qwp_phase_0": 1.5244972,
"qwp_phase_2": -1.0133332,
"qwp_rot_0": 0.30829792,
"mirror_phase": 3.4058563,
"mirror_diat": -0.0087181326,
"mirror_rot": -1.2578045,
"qwp_rot_offset": -0.096545579,
"qwp_phase_1": 0.099015331,
"qwp_rot_1": -2.4946724,
"Empty_Slot": 1,
"window_phase_rot": 0.0022010898,
"cal_total_depol": 0.97754013,
"cal_molecular_depol": 0.99999997,
"tx_rot": -1.5697952,
"window_phase": 0.012460463,
"window_diat": 0.011337955,
"window_diat_rot": 0.00013190936,
"lowgain_rx_diat": 0.98465286,
"lowgain_rx_rot": 3.1997599,
"lowgain_rx_elip": -0.0010695189,
}