{
"tx_elip": 0.064503954,
"cross_rx_diat": 0.91017672,
"cross_rx_rot": 1.5554627,
"cross_rx_elip": -0.058114228,
"mol_rx_diat": 0.99999995,
"mol_rx_rot": 0.029621673,
"mol_rx_elip": 0.034599336,
"total_rx_diat": 1,
"total_rx_rot": 3.165034,
"total_rx_elip": 0.039543535,
"qwp_phase_0": 1.5096652,
"qwp_phase_2": -0.9394524,
"qwp_rot_0": 0.33010554,
"mirror_phase": 3.3355266,
"mirror_diat": -0.013391079,
"mirror_rot": -4.6911563,
"qwp_rot_offset": -0.10755051,
"qwp_phase_1": 0.08219965,
"qwp_rot_1": -2.5054658,
"Empty_Slot": 1,
"window_phase_rot": -0.037792311,
"cal_total_depol": 0.96227591,
"cal_molecular_depol": 0.98975068,
"tx_rot": -1.5839327,
"window_phase": -0.13716094,
"window_diat": -0.0079319916,
"window_diat_rot": -0.026458338,
"lowgain_rx_diat": 0.96159641,
"lowgain_rx_rot": 3.1709965,
"lowgain_rx_elip": 0.043338858,
}