{
"tx_elip": 0.15802847,
"cross_rx_diat": 0.86649493,
"cross_rx_rot": 1.6498053,
"cross_rx_elip": -0.11716348,
"mol_rx_diat": 1,
"mol_rx_rot": 0.10061131,
"mol_rx_elip": 0.092095289,
"total_rx_diat": 0.9759737,
"total_rx_rot": 3.2437322,
"total_rx_elip": 0.079381947,
"qwp_phase_0": 1.5225872,
"qwp_phase_2": -1.0030473,
"qwp_rot_0": 0.30381894,
"mirror_phase": 3.433616,
"mirror_diat": -0.0039190747,
"mirror_rot": -1.2956163,
"qwp_rot_offset": -0.078801037,
"qwp_phase_1": 0.088912326,
"qwp_rot_1": -2.5079354,
"Empty_Slot": 1,
"window_phase_rot": -0.0027978252,
"cal_total_depol": 0.96444585,
"cal_molecular_depol": 0.93250962,
"tx_rot": -1.5618686,
"window_phase": 0.040129681,
"window_diat": 0.026750865,
"window_diat_rot": -0.0015583267,
"lowgain_rx_diat": 0.96447724,
"lowgain_rx_rot": 3.2461558,
"lowgain_rx_elip": 0.10218767,
}