{
"tx_elip": -0.097751729,
"cross_rx_diat": 0.8216116,
"cross_rx_rot": 1.5119975,
"cross_rx_elip": 0.097545168,
"mol_rx_diat": 0.98266838,
"mol_rx_rot": -0.0017323106,
"mol_rx_elip": -0.12141362,
"total_rx_diat": 0.93105721,
"total_rx_rot": 3.1457896,
"total_rx_elip": -0.12238512,
"qwp_phase_0": 1.5339403,
"qwp_phase_2": -1.0792333,
"qwp_rot_0": 0.33405749,
"mirror_phase": 3.4055534,
"mirror_diat": -0.023409155,
"mirror_rot": -1.0822875,
"qwp_rot_offset": -0.050622483,
"qwp_phase_1": 0.091471679,
"qwp_rot_1": -2.5663535,
"Empty_Slot": 1,
"window_phase_rot": 0.001701221,
"cal_total_depol": 0.93378951,
"cal_molecular_depol": 0.99951757,
"tx_rot": -1.6657429,
"window_phase": -0.0061321957,
"window_diat": 0.02411988,
"window_diat_rot": -0.00041517288,
"lowgain_rx_diat": 0.91990531,
"lowgain_rx_rot": 3.1440905,
"lowgain_rx_elip": -0.12264773,
}